{
  "results": {
    "Pb": {
      "RF": 0.8502,
      "GBR": 0.8448,
      "Ensemble": 0.8519,
      "RMSE_ens": 21.36,
      "MAE_ens": 16.53
    },
    "Cd": {
      "RF": 0.8009,
      "GBR": 0.8011,
      "Ensemble": 0.8053,
      "RMSE_ens": 19.83,
      "MAE_ens": 15.64
    },
    "Cr": {
      "RF": 0.7442,
      "GBR": 0.7313,
      "Ensemble": 0.7419,
      "RMSE_ens": 11.93,
      "MAE_ens": 9.4
    },
    "As": {
      "RF": 0.7241,
      "GBR": 0.6848,
      "Ensemble": 0.7101,
      "RMSE_ens": 18.39,
      "MAE_ens": 14.66
    },
    "CO2": {
      "RF": 0.8134,
      "GBR": 0.8131,
      "Ensemble": 0.8186,
      "RMSE_ens": 0.72,
      "MAE_ens": 0.58
    }
  },
  "preds": {
    "Pb": {
      "true": [
        246.22463006795007,
        158.0654281154009,
        122.45760769763969,
        247.61295560595477,
        189.71540860955201,
        191.4772843620425,
        141.32289738511938,
        106.55368411845342,
        164.52790071906222,
        229.6977229853928,
        115.868692587736,
        228.3200325593699,
        130.40507220572186,
        228.85646718710612,
        177.67269532461543,
        242.97018373799563,
        114.99901329631987,
        135.06514236712673,
        63.13868952271065,
        114.25419513883602,
        256.90510045194867,
        150.95013123710086,
        162.5736948621932,
        184.70462236444996,
        222.63716750743214,
        237.98443598586772,
        145.99076862661823,
        236.76969747781706,
        165.2007720845917,
        239.3512290595416,
        115.01641495944023,
        194.48495844043597,
        176.4003125670843,
        139.05720133670238,
        219.6178473126837,
        272.86257586387586,
        244.76232070731075,
        103.38797750456534,
        173.7167874453445,
        228.41562003982793,
        182.67631359564783,
        196.37462987228625,
        252.63905850965543,
        164.15932383778133,
        174.11167744445478,
        347.17368682918374,
        229.08309130278045,
        135.2157510875895,
        141.82547738655842,
        131.2117450800574
      ],
      "pred": [
        235.9332270239804,
        140.30010800662393,
        123.91929665115715,
        218.22029735162087,
        188.1332506718583,
        160.18478488951513,
        128.45159976682197,
        132.23983740433638,
        121.63928471236207,
        261.25047475123523,
        150.86962616476404,
        196.87085415720009,
        122.44979232196064,
        225.25968542821113,
        170.0469504922928,
        204.47246807460047,
        150.56679154405003,
        121.97861459589144,
        82.32723646224878,
        119.76966821660275,
        222.78031025432625,
        157.86214416825675,
        163.90023062761685,
        170.6979440728541,
        208.6466118311721,
        237.5126025237809,
        153.8460853297346,
        228.87157638356058,
        177.97283566668423,
        218.99071753473373,
        126.81197578342645,
        189.73747607161866,
        170.15675074988945,
        129.9320462468733,
        239.94784997255107,
        277.9952663169675,
        215.40407460279323,
        97.09640296027251,
        180.02834011631995,
        179.57523009399077,
        174.50068893337476,
        190.1131210851081,
        269.61331817221924,
        193.97787989447335,
        158.50393730802742,
        329.8661967267123,
        231.63653762449655,
        152.0417539593529,
        111.39643516960206,
        120.87634628746305
      ]
    },
    "Cd": {
      "true": [
        228.95589083691084,
        91.28092427220115,
        127.52348376245058,
        133.01427018010725,
        148.08941794156357,
        141.42262923332896,
        109.26288031989819,
        119.9561272551258,
        63.81113174528558,
        205.28385651679056,
        106.6264498684278,
        155.5313350843876,
        113.24879755364626,
        187.82517402004072,
        139.54936310402783,
        168.43482836129996,
        142.82856658469265,
        97.33012977000082,
        85.4196578646332,
        87.31848649191653,
        189.0085191477935,
        122.83015013083411,
        162.61843505161522,
        161.31475868852806,
        147.58200972725177,
        145.28237668648066,
        104.24969616624828,
        161.34886434235756,
        119.0040380067141,
        199.83375333331358,
        103.81261426302498,
        145.1642052595079,
        145.62144180270474,
        131.41838504552783,
        180.64002760785695,
        226.05197548614905,
        198.5026323423705,
        71.70196791082168,
        137.84973888926964,
        152.55931723212717,
        126.13848001593017,
        121.96001753504439,
        198.32704838633103,
        129.64505523241442,
        129.2375596483688,
        225.85963127116182,
        177.64347260824638,
        131.32597110972048,
        87.63400440775408,
        85.06038851478536
      ],
      "pred": [
        202.30372394984113,
        101.55967257969928,
        97.09859614329987,
        172.09123207675233,
        130.84244091030007,
        142.25287949070372,
        91.17375881418656,
        108.63461689605624,
        103.06703201928676,
        189.03456034811126,
        115.05715307313147,
        153.59929159277726,
        97.82459371417595,
        179.59024550569222,
        149.88986232404383,
        153.1531423411737,
        134.01350524778601,
        109.22276359876193,
        88.75633673069669,
        109.53040430333843,
        153.14114102999784,
        118.04433646917947,
        138.190186117866,
        139.60954700794906,
        166.9736982112013,
        185.3195208408037,
        113.03026631522957,
        164.93988125891804,
        142.6096633261501,
        216.0459530874521,
        119.83827149347609,
        149.2441245752789,
        139.89189733685953,
        97.37477973598348,
        178.38828421436844,
        228.0313947211955,
        159.07184234619893,
        81.68386882937742,
        133.39261228768825,
        141.52597147985716,
        139.58913838929868,
        147.73756080689935,
        197.57129351640646,
        154.86558256423558,
        116.25505650682098,
        222.5797213990676,
        182.26305377712458,
        141.35671340101243,
        96.84681495636286,
        108.53271977978208
      ]
    },
    "Cr": {
      "true": [
        93.09999882846677,
        38.624985985471476,
        52.98181796592914,
        71.32516899306745,
        54.9126751971144,
        44.258754161271796,
        45.14755408702473,
        30.9256782489517,
        45.87052387149046,
        73.69760703567009,
        56.718057260107145,
        37.29374317614208,
        38.339714645473215,
        58.78119917682927,
        69.47826374569672,
        75.57471256758849,
        16.231073969326395,
        38.80425769321431,
        25.42614612253236,
        47.82459951407162,
        47.083544951267555,
        70.24481509676704,
        46.478595766634015,
        38.580588794982916,
        59.102973236985,
        76.30466490881646,
        50.18623937495104,
        60.35305575281948,
        60.94475636729506,
        92.35417798301263,
        35.8590113583773,
        50.25379090608292,
        54.9004633007821,
        24.635593732703462,
        71.61705266453423,
        108.63792433895064,
        73.93575348280305,
        46.833311749521066,
        70.76120525554913,
        36.13891376722836,
        47.00500496512979,
        38.84709147634882,
        80.1225287335735,
        71.89407209881102,
        53.6593247286181,
        89.43661714084824,
        58.50270661487023,
        51.33724791920575,
        32.87500097213392,
        46.61631707021572
      ],